{
  "timestamp": "2025-08-27T06:55:03.936412",
  "data_summary": {
    "raw_data_records": 500,
    "processed_data_records": 500,
    "columns": [
      "id",
      "employee_id",
      "department",
      "objective",
      "key_result",
      "progress",
      "performance_score",
      "start_date",
      "end_date",
      "status",
      "priority",
      "effort_hours",
      "actual_hours",
      "quality_score",
      "team_size",
      "budget",
      "actual_spent"
    ],
    "missing_values": {
      "id": 0,
      "employee_id": 0,
      "department": 0,
      "objective": 0,
      "key_result": 0,
      "progress": 0,
      "performance_score": 0,
      "start_date": 0,
      "end_date": 0,
      "status": 0,
      "priority": 0,
      "effort_hours": 0,
      "actual_hours": 0,
      "quality_score": 0,
      "team_size": 0,
      "budget": 0,
      "actual_spent": 0
    },
    "data_types": {
      "id": "int64",
      "employee_id": "object",
      "department": "object",
      "objective": "object",
      "key_result": "object",
      "progress": "float64",
      "performance_score": "float64",
      "start_date": "object",
      "end_date": "object",
      "status": "object",
      "priority": "object",
      "effort_hours": "int64",
      "actual_hours": "int64",
      "quality_score": "float64",
      "team_size": "int64",
      "budget": "int64",
      "actual_spent": "int64"
    }
  },
  "ml_model_metrics": {
    "mse": 0.02163787939863271,
    "rmse": 0.1470981964492859,
    "r2_score": -0.10400793332097336,
    "feature_importance": [
      {
        "feature": "efficiency",
        "importance": 0.19149783396344097
      },
      {
        "feature": "days_elapsed",
        "importance": 0.1723430385048037
      },
      {
        "feature": "budget",
        "importance": 0.16274989000119727
      },
      {
        "feature": "budget_efficiency",
        "importance": 0.15068309406818442
      },
      {
        "feature": "effort_hours",
        "importance": 0.14764229529898054
      },
      {
        "feature": "team_size",
        "importance": 0.08475739325519424
      },
      {
        "feature": "department_encoded",
        "importance": 0.05983663391692226
      },
      {
        "feature": "priority_encoded",
        "importance": 0.03048982099127666
      }
    ]
  },
  "data_quality": {
    "duplicate_records": 0,
    "unique_employees": 100,
    "unique_departments": 6,
    "progress_distribution": {
      "count": 500.0,
      "mean": 0.74405,
      "std": 0.1850286320799534,
      "min": 0.171,
      "25%": 0.627,
      "50%": 0.7625,
      "75%": 0.891,
      "max": 1.0
    },
    "performance_distribution": {
      "count": 500.0,
      "mean": 0.7826100000000001,
      "std": 0.13749616828328406,
      "min": 0.349,
      "25%": 0.69,
      "50%": 0.7885,
      "75%": 0.8825000000000001,
      "max": 1.0
    }
  }
}